,x,y
0,[12],[12]
1,[13],[12]
2,[14],[12]
3,[15],[12]
4,[16],[12]
5,[17],[12]
6,[17],[13]
7,[18],[13]
8,[19],[13]
9,[20],[13]
10,[21],[13]
11,[22],[13]
12,[23],[13]
13,[24],[13]
14,[25],[13]
15,[26],[13]
16,[27],[13]
17,[28],[13]
18,[29],[13]
19,[30],[13]
20,[31],[13]
21,[32],[13]
22,[33],[13]
23,[34],[13]
24,[35],[13]
25,[36],[13]
26,[37],[13]
27,[38],[13]
28,[39],[13]
29,[40],[13]
30,[41],[13]
31,[42],[13]
32,[43],[13]
33,[44],[13]
34,[45],[13]
35,[46],[13]
36,[47],[13]
37,[48],[13]
38,[49],[13]
39,[50],[13]
40,[51],[13]
41,[52],[13]
42,[53],[13]
43,[54],[13]
44,[55],[13]
45,[56],[13]
46,[57],[13]
47,[58],[13]
48,[59],[13]
49,[60],[13]
50,[61],[13]
51,[62],[13]
52,[63],[13]
53,[64],[13]
54,[65],[13]
55,[66],[13]
56,[67],[13]
57,[68],[13]
58,[69],[13]
59,[70],[13]
60,[71],[13]
61,[72],[13]
62,[73],[13]
63,[74],[13]
64,[75],[13]
65,[76],[13]
66,[77],[13]
67,[78],[13]
68,[79],[13]
69,[80],[13]
70,[81],[13]
71,[82],[13]
72,[83],[13]
73,[84],[13]
74,[85],[13]
75,[86],[13]
76,[87],[13]
77,[88],[13]
78,[89],[13]
79,[90],[13]
80,[91],[13]
81,[92],[13]
82,[93],[13]
83,[94],[13]
84,[95],[13]
85,[96],[13]
86,[97],[13]
87,[98],[13]
88,[99],[13]
89,[100],[13]
90,[101],[13]
91,[102],[13]
92,[103],[13]
93,[104],[13]
94,[105],[13]
95,[106],[13]
96,[107],[13]
97,[108],[13]
98,[109],[13]
99,[110],[13]
100,[111],[13]
101,[112],[13]
102,[113],[13]
103,[114],[13]
104,[115],[13]
105,[116],[13]
106,[117],[13]
107,[118],[13]
108,[119],[13]
109,[120],[13]
110,[121],[13]
111,[122],[13]
112,[123],[13]
113,[124],[13]
114,[125],[13]
115,[126],[13]
116,[127],[13]
117,[128],[13]
118,[129],[13]
119,[130],[13]
120,[131],[13]
121,[132],[13]
122,[133],[13]
123,[134],[13]
124,[135],[13]
125,[136],[13]
126,[137],[13]
127,[138],[13]
128,[139],[13]
129,[140],[13]
130,[141],[13]
131,[142],[13]
132,[143],[13]
133,[144],[13]
134,[145],[13]
135,[146],[13]
136,[147],[13]
137,[148],[13]
138,[149],[13]
139,[150],[13]
140,[151],[13]
141,[152],[13]
142,[153],[13]
143,[154],[13]
144,[155],[13]
145,[156],[13]
146,[157],[13]
147,[158],[13]
148,[159],[13]
149,[160],[13]
150,[161],[13]
151,[162],[13]
152,[163],[13]
153,[164],[13]
154,[165],[13]
155,[166],[13]
156,[167],[13]
157,[168],[13]
158,[169],[13]
159,[170],[13]
160,[171],[13]
161,[172],[13]
162,[173],[13]
163,[174],[13]
164,[175],[13]
165,[176],[13]
166,[177],[13]
167,[178],[13]
168,[179],[13]
169,[180],[13]
170,[181],[13]
171,[182],[13]
172,[183],[13]
173,[184],[13]
174,[185],[13]
175,[186],[13]
176,[187],[13]
177,[188],[13]
178,[189],[13]
179,[190],[13]
180,[191],[13]
181,[192],[13]
182,[193],[13]
183,[194],[13]
184,[195],[13]
185,[196],[13]
186,[197],[13]
187,[198],[13]
188,[199],[13]
189,[200],[13]
190,[201],[13]
191,[202],[13]
192,[203],[13]
193,[204],[13]
194,[205],[13]
195,[206],[13]
196,[207],[13]
197,[208],[13]
198,[209],[13]
199,[210],[13]
200,[211],[13]
201,[212],[13]
202,[213],[13]
203,[214],[13]
204,[215],[13]
205,[216],[13]
206,[217],[13]
207,[218],[13]
208,[219],[13]
209,[220],[13]
210,[221],[13]
211,[222],[13]
212,[223],[13]
213,[224],[13]
214,[225],[13]
215,[226],[13]
216,[227],[13]
217,[228],[13]
218,[229],[13]
219,[230],[13]
220,[231],[13]
221,[232],[13]
222,[233],[13]
223,[234],[13]
224,[235],[13]
225,[236],[13]
226,[237],[13]
227,[238],[13]
228,[239],[13]
229,[240],[13]
230,[241],[13]
231,[242],[13]
232,[243],[13]
233,[244],[13]
234,[245],[13]
235,[246],[13]
236,[247],[13]
237,[248],[13]
238,[249],[13]
239,[250],[13]
240,[251],[13]
241,[252],[13]
242,[253],[13]
243,[254],[13]
244,[255],[13]
245,[256],[13]
246,[257],[13]
247,[258],[13]
248,[259],[13]
249,[260],[13]
250,[261],[13]
251,[262],[13]
252,[263],[13]
253,[264],[13]
254,[265],[13]
255,[266],[13]
256,[267],[13]
257,[268],[13]
258,[269],[13]
259,[270],[13]
260,[271],[13]
261,[272],[13]
262,[273],[13]
263,[274],[13]
264,[275],[13]
265,[276],[13]
266,[277],[13]
267,[278],[13]
268,[279],[13]
269,[280],[13]
270,[281],[13]
271,[282],[13]
272,[283],[13]
273,[284],[13]
274,[285],[13]
275,[286],[13]
276,[287],[13]
277,[288],[13]
278,[289],[13]
279,[290],[13]
280,[291],[13]
281,[292],[13]
282,[293],[13]
283,[294],[13]
284,[295],[13]
285,[296],[13]
286,[297],[13]
287,[298],[13]
288,[299],[13]
289,[300],[13]
290,[301],[13]
291,[302],[13]
292,[303],[13]
293,[304],[13]
294,[305],[13]
295,[306],[13]
296,[307],[13]
297,[308],[13]
298,[309],[13]
299,[310],[13]
300,[311],[13]
301,[312],[13]
302,[313],[13]
303,[314],[13]
304,[315],[13]
305,[316],[13]
306,[317],[13]
307,[318],[13]
308,[319],[13]
309,[320],[13]
310,[321],[13]
311,[322],[13]
312,[323],[13]
313,[324],[13]
314,[325],[13]
315,[326],[13]
316,[327],[13]
317,[328],[13]
318,[329],[13]
319,[330],[13]
320,[331],[13]
321,[332],[13]
322,[333],[13]
323,[334],[13]
324,[335],[13]
325,[336],[13]
326,[337],[13]
327,[338],[13]
328,[339],[13]
329,[340],[13]
330,[341],[13]
331,[342],[13]
332,[343],[13]
333,[344],[13]
334,[345],[13]
335,[346],[13]
336,[347],[13]
337,[348],[13]
338,[349],[13]
339,[350],[13]
340,[351],[13]
341,[352],[13]
342,[353],[13]
343,[354],[13]
344,[355],[13]
345,[356],[13]
346,[357],[13]
347,[358],[13]
348,[359],[13]
349,[360],[13]
350,[361],[13]
351,[362],[13]
352,[363],[13]
353,[364],[13]
354,[365],[13]
355,[366],[13]
356,[367],[13]
357,[368],[13]
358,[369],[13]
359,[370],[13]
360,[371],[13]
361,[372],[13]
362,[373],[13]
363,[374],[13]
364,[375],[13]
365,[376],[13]
366,[377],[13]
367,[378],[13]
368,[379],[13]
369,[380],[13]
370,[381],[13]
371,[382],[13]
372,[383],[13]
373,[384],[13]
374,[385],[13]
375,[386],[13]
376,[387],[13]
377,[388],[13]
378,[389],[13]
379,[390],[13]
380,[391],[13]
381,[392],[13]
382,[393],[13]
383,[394],[13]
384,[395],[13]
385,[396],[13]
386,[397],[13]
387,[398],[13]
388,[399],[13]
389,[400],[13]
390,[401],[13]
391,[402],[13]
392,[403],[13]
393,[404],[13]
394,[405],[13]
395,[406],[13]
396,[407],[13]
397,[408],[13]
398,[409],[13]
399,[410],[13]
400,[411],[13]
401,[412],[13]
402,[413],[13]
403,[414],[13]
404,[415],[13]
405,[416],[13]
406,[417],[13]
407,[418],[13]
408,[419],[13]
409,[420],[13]
410,[421],[13]
411,[422],[13]
412,[423],[13]
413,[424],[13]
414,[425],[13]
415,[426],[13]
416,[427],[13]
417,[428],[13]
418,[429],[13]
419,[430],[13]
420,[431],[13]
421,[432],[13]
422,[433],[13]
423,[434],[13]
424,[435],[13]
425,[436],[13]
426,[437],[13]
427,[438],[13]
428,[439],[13]
429,[440],[13]
430,[441],[13]
431,[442],[13]
432,[443],[13]
433,[444],[13]
434,[445],[13]
435,[446],[13]
436,[447],[13]
437,[448],[13]
438,[449],[13]
439,[450],[13]
440,[451],[13]
441,[452],[13]
442,[453],[13]
443,[454],[13]
444,[455],[13]
445,[456],[13]
446,[457],[13]
447,[458],[13]
448,[459],[13]
449,[460],[13]
450,[461],[13]
451,[462],[13]
452,[463],[13]
453,[464],[13]
454,[465],[13]
455,[466],[13]
456,[467],[13]
457,[468],[13]
458,[469],[13]
459,[470],[13]
460,[471],[13]
461,[472],[13]
462,[473],[13]
463,[474],[13]
464,[475],[13]
465,[476],[13]
466,[477],[13]
467,[478],[13]
468,[479],[13]
469,[480],[13]
470,[481],[13]
471,[482],[13]
472,[483],[13]
473,[484],[13]
474,[485],[13]
475,[486],[13]
476,[487],[13]
477,[488],[13]
478,[489],[13]
479,[490],[13]
480,[491],[13]
481,[492],[13]
482,[493],[13]
483,[494],[13]
484,[495],[13]
485,[496],[13]
486,[497],[13]
487,[498],[13]
488,[499],[13]
489,[500],[13]
490,[501],[13]
491,[502],[13]
492,[503],[13]
493,[504],[13]
494,[505],[13]
495,[506],[13]
496,[507],[13]
497,[508],[13]
498,[509],[13]
499,[510],[13]
500,[511],[13]
501,[512],[13]
502,[513],[13]
503,[514],[13]
504,[515],[13]
505,[516],[13]
506,[517],[13]
507,[518],[13]
508,[519],[13]
509,[520],[13]
510,[521],[13]
511,[522],[13]
512,[523],[13]
513,[524],[13]
514,[525],[13]
515,[526],[13]
516,[527],[13]
517,[528],[13]
518,[529],[13]
519,[530],[13]
520,[531],[13]
521,[532],[13]
522,[533],[13]
523,[534],[13]
524,[535],[13]
525,[536],[13]
526,[537],[13]
527,[538],[13]
528,[539],[13]
529,[540],[13]
530,[541],[13]
531,[542],[13]
532,[543],[13]
533,[544],[13]
534,[545],[13]
535,[546],[13]
536,[547],[13]
537,[548],[13]
538,[549],[13]
539,[550],[13]
540,[551],[13]
541,[552],[13]
542,[553],[13]
543,[554],[13]
544,[555],[13]
545,[556],[13]
546,[557],[13]
547,[558],[13]
548,[559],[13]
549,[560],[13]
